{"avg_reward":1.0141034548313825,"optimal_action_pct":35,"cumulative_regret":957.7333327400607,"_timestamp":1.770916177958378e+09,"_step":2000,"_runtime":11.431149,"_wandb":{"runtime":11},"step":2000}