{"_step":2000,"step":2000,"avg_reward":1.3285582725905476,"optimal_action_pct":62,"cumulative_regret":540.1636959760358,"_wandb":{"runtime":9},"_runtime":9.9730935,"_timestamp":1.7709162168050165e+09}