{"_step":2000,"step":2000,"_wandb":{"runtime":9},"_runtime":9.9356101,"avg_reward":1.4581784212398363,"optimal_action_pct":86,"cumulative_regret":265.2917581746774,"_timestamp":1.7709161903504674e+09}