{"_step":2000,"step":2000,"avg_reward":1.2640164989350158,"optimal_action_pct":52,"cumulative_regret":610.8912675462956,"_timestamp":1.7709161642287984e+09,"_wandb":{"runtime":12},"_runtime":12.4519037}